{"posts":[{"body":"SADFGHJ","author":"ASDFG","id":"0.5632801570586514"},{"body":"sdkfjc","author":"asdfg","id":"0.8091757560288917"},{"body":"Ali bali portokali","author":"Ali","id":"0.19366112546006953"},{"body":"Ali","author":"Ali","id":"0.7767868465221002"},{"body":"Here's a new one!","author":"Alii","id":"0.7007708895771974"},{"body":"Alii zdrr","author":"Ali","id":"0.1850160424744398"},{"body":"Ali zdr","author":"Ali","id":"0.8374703938883477"},{"body":"Ali zdr","author":"ali","id":"0.9567497670690324"},{"body":"Aliiii","author":"ali","id":"0.9766663442547918"},{"body":"HIIII!","author":"Ali","id":"0.6073040610520737"},{"body":"This course is hopefully very helpful to you!","author":"Maximilian","id":"post-1"}]}